nama_produk,harga,penjual,kota,rating_produk,jml_review
Shannen lipstik,Rp 99.000,dian,Bandung,4.5,6 ulasan
Wardah Lipstik Matte.  Lipstik Matte Wardah,Rp 40.000,Bunga Padi,Karawang,4.2,8 ulasan
Lipstik 3ce Set Mini Kit,Rp 26.900,Galeri Cantik Indonesia,Kab. Tangerang,4.7,21 ulasan
SHANNEN LIPSTIK CREAMY PAINT LIPCREAM SHANNEN,Rp 89.900,DSH SHOP,Bandung,5,2 ulasan
Shannen Lipstik l Shanen Creamy Lipt,Rp 100.000,Amalia Herbal,Tangerang,4.8,12 ulasan
lipstik looke,Rp 140.000,stokis nasa center priok,Jakarta Utara,5,1 ulasan
Bioaqua Lipstik velvet matte,Rp 26.500,Galeri Cantik Indonesia,Kab. Tangerang,4.8,4 ulasan
LIPSTIK NASA LC09 Coklat Muda,Rp 75.000,PRODUK NASA ORIGINAL,Jakarta Selatan,4.8,6 ulasan
LIPSTIK ALAMI NASA LC01,Rp 75.000,PRODUK NASA ORIGINAL,Jakarta Selatan,5,1 ulasan
Ilav Lipstik Original HWI,Rp 135.000,Asep Dwi HWI,Subang,5,8 ulasan
PROMO BUNDLING HEMAT LIPSTIK DAN PENSIL ALIS BROWN COKLAT,Rp 35.000,Nafiry Shop,Jakarta Barat,4.5,46 ulasan
PAKET CANTIK BUNDLING LIPSTIK LIP ON LIP MATTE REDISH DAN GIANT TISSUE WAJAH 200 SHEET,Rp 76.200,DENEI COLLECTION,Jakarta Pusat,4.7,27 ulasan
Matte Mate Lipstick Lip Stick Lipstik Y.O.U YOU Elly Hazel Calla Coco Anna Scarlet Candy Midnight Ruby Tahan Lama Long Lasting Original Murah,Rp 72.000,Beautilo,Jakarta Barat,5,17 ulasan
Matte Liquid Lipstick Lipstik Lip Stick Cair Madame Gie Lip Liquide Cream Tahan Lama Long Lasting Bagus Murah,Rp 50.000,Beautilo,Jakarta Barat,4.9,17 ulasan
Matte Lipstick Lipstik KISS PROOF No.04 Soft Matte Longlasting Tahan Lama by Menow Murah,Rp 10.000,Beautilo,Jakarta Barat,4.7,24 ulasan
Matte Lip Cream YOU Y O U Soft Matte Lipcream Lipstick Lipstik Chic Naked Charming Sassy Elegant Darling Original Asli Murah,Rp 95.000,Beautilo,Jakarta Barat,5,8 ulasan
Soft Matte Lip Cream Lipstick Lipstik Lembut Tidak Kering Terbukti AMAN,Rp 131.000,SUPLIER GROSIR JAKARTA,Jakarta Pusat,5,54 ulasan
Lipstik Matte Huda - Huda Beauty Liquid Matte Minis-Made Love Collection Lipstik Matte-Lipstick Set Gift,Rp 8.900,PUSAT,Jakarta Barat,4.5,103 ulasan
Lipstik LC08PN Moreskin LipCream Pink Menyala Original Nasa Alami Aman,Rp 75.000,ORGANIK CANTIK ALAMI OCA NASA,Banyumas,5,4 ulasan
lipstik purbasari matte new,Rp 26.500,Jakarta cosmetik,Bekasi,4.6,133 ulasan
B erl Cosmetic ORI Lip Matte Lip Cream Tahan 12 jam BPOM HALAL Lipstik,Rp 110.000,OFFICIAL STORE HURI KZ,Jakarta Timur,5,5 ulasan
BIBIT AGLONEMA LIPSTIK KLASSIK,Rp 50.000,ADELIA NURSERY,Metro,5,1 ulasan
Lipstik Matte Waterlock - Lipstick Kiss Beauty,Rp 20.000,Happy Hour,Jakarta Timur,4.4,81 ulasan
Bibit Bunga Aglonema lipstik klasik super-bilqis bibit,Rp 50.000,BILQIS  bibit unggul,Metro,5,1 ulasan
LIPSTIK LIPSTICK LIP CREAM MATTE ORIGINAL,Rp 75.000,Top Seller,Jakarta Selatan,5,13 ulasan
lipstik oleh oleh haji umroh,Rp 7.500,assalaam,Cirebon,5,1 ulasan
Exclusive Matte Lip Cream Eyeshadaw Eye Shadaw Lipstik Looke Holy Lip CREAM THALIA Cream Blush On Cantik & Tahan Lama Natural Original,Rp 140.000,amrita shop,Jakarta Pusat,5,29 ulasan
Lip Cream Matte Liquid Eye Shadow Cream Blush On Lipstik Looke Holy Lip CREAM IRENE Cantik dan Tahan Lama Natural Original Terlaris,Rp 140.000,amrita shop,Jakarta Pusat,5,29 ulasan
Wardah Exclusive Lip Cream Lipstik Lipstick Matte,Rp 41.500,MurahJakarta,Jakarta Pusat,4.6,233 ulasan
Viva Lipstik,Rp 50.000,Komplit_shop,Indramayu,5,27 ulasan
Lipstik Concealer Good Quality,Rp 121.000,lapaklihun,Jakarta Selatan,5,26 ulasan
Kosmestik Lipstik viva Murah,Rp 13.000,Enggal Luwes,Solo,4.5,22 ulasan
Sale Lipstick Lipstik Matte Blue Lime Crime Velvetines Liquid Matte Varian Salem Pink Red Velvet Faded Bleached Cashmere Pansy Murah,Rp 10.000,Beautilo,Jakarta Barat,4.8,18 ulasan
Shannen Lipstik Shanen Lip Color,Rp 85.000,Andre,Jakarta Utara,4.6,49 ulasan
LIPSTIK LOOKE HOLY LIP CREAM IRENE Warna Pink Kecoklatan Original NASA,Rp 167.000,MAY ROSE OLSHOP,Surabaya,5,21 ulasan
Matte Lipstik Y O U YOU Color Colour Lip Matte Finished Lipstick Tahan Lama Long Lasting Original Asli Murah,Rp 140.000,Beautilo,Jakarta Barat,5,15 ulasan
Looke Lipstik Thalia  Warna Merah Muda LOOKE HOLY LIP CREAM THALIA Warna Dusty Pink Original NASA,Rp 167.000,MAY ROSE OLSHOP,Surabaya,5,20 ulasan
Wardah Long Lasting Lipstik,Rp 48.000,Juanda zain,Jakarta Timur,4.7,9 ulasan
kyle matte liquid lipstik,Rp 243.000,Baim Kahifi,Banjar,5,3 ulasan
WARDAH LIP CREAM EXCLUSIVE LIPSTIK MATTE,Rp 41.900,WaFara,Bekasi,4.6,176 ulasan
Shannen Lipstick Shanen Lipstik,Rp 90.000,Beard Shop,Jakarta Utara,4.5,6 ulasan
RK Cosmetics Lipcream. Lipstik,Rp 60.000,Sri Indah Lestari Shop,Makassar,5,3 ulasan
Lipstik Madame Gie Lip Cream Matte,Rp 39.300,Beauty Things Store,Bekasi,4.8,13 ulasan
Lipstik Elisabeth Helen,Rp 33.900,Toko bin Sungkar,Jakarta Pusat,5,1 ulasan
LIPSTIK HARE WARNA WARNI ORIGINAL  LIPSTIK ARAB,Rp 3.500,Toko Amanah,Jakarta Selatan,4.7,3 ulasan
Lipstik 3ce Gold Mini Kit Isi 5,Rp 44.500,Galeri Cantik Indonesia,Kab. Tangerang,4.6,29 ulasan
Lipstik Nasa LC03 Merah Menyala,Rp 75.000,PRODUK NASA ORIGINAL,Jakarta Selatan,4.7,3 ulasan
Lipstik 3ce Mood recipe Mini Kit Brown,Rp 26.900,Galeri Cantik Indonesia,Kab. Tangerang,4.3,15 ulasan
Lipstik Nasa LC07MB Merah Tua,Rp 75.000,PRODUK NASA ORIGINAL,Jakarta Selatan,5,4 ulasan
Lipstik Arab Hare,Rp 3.500,Altara Online Store,Surabaya,4.3,20 ulasan
Lipstik Arab Hare,Rp 3.500,Altara Online Store,Surabaya,4.3,20 ulasan
LIPSTIK KKW by KyLiE TERMURAH,Rp 55.000,Nafiry Shop,Jakarta Barat,5,4 ulasan
Lipstik Halal Shannen,Rp 129.000,Abel trading,Bekasi,4.8,5 ulasan
Shannen lipstik French Rose,Rp 129.000,Nu Amoorea88,Rembang,5,2 ulasan
THE PERFECT MATTE POWDER MATTES WARNA MAUVE IT UP LIPSTIK AWET ORIGINAL MAYBELLINE DENEICOLLECTION,Rp 65.000,DENEI COLLECTION,Jakarta Pusat,4.8,57 ulasan
THE PERFECT MATTE POWDER MATTES WARNA TOASTED BROWN LIPSTIK AWET ORIGINAL MAYBELLINE DENEICOLLECTION,Rp 65.000,DENEI COLLECTION,Jakarta Pusat,4.8,12 ulasan
Lipstik Hare Asli termurah,Rp 5.500,Toko Kurma Asharfa,Bekasi,4.7,10 ulasan
tanaman hias aglonema lipstik - aglonema lipstik,Rp 13.000,AT_store,Kab. Bogor,4.7,15 ulasan
FOCALLURE Lipstik Matte Waterproof Long Lasting ORI,Rp 51.000,Sedaap Rasayang,Jakarta Barat,4.3,26 ulasan
Lipstik NASA LC08PN Pink Menyala,Rp 75.000,PRODUK NASA ORIGINAL,Jakarta Selatan,5,2 ulasan
Lipstik Make Over Intense Matte Lip Cream Original,Rp 125.000,AJATHASATRU,Tangerang,4.8,299 ulasan
Matte Lipstick Lipstik KISS PROOF No.15 Soft Matte Longlasting Tahan Lama by Menow Asli Original Murah,Rp 10.000,Beautilo,Jakarta Barat,4.7,14 ulasan
paket 5 bibit bunga Aglonema-lulaiwa-snow white-dut anjemani-lipstik-lady valentin,Rp 200.000,INDAH NURSERY,Metro,4.5,11 ulasan
WARDAH LIPSTIK EXCLUSIVE,Rp 38.000,novia liaw,Tangerang,4.9,15 ulasan
WARDAH LIPCREAM MATE ORI LIPSTIK,Rp 41.500,AZaLea,Bekasi,4.7,111 ulasan
Lipstik viva lipstik,Rp 29.000,Freshijab Shop,Semarang,4.7,6 ulasan
lipstik wardah,Rp 75.000,t4ta,Kab. Bekasi,5,3 ulasan
Menard Embellir Lipstik,Rp 1.664.500,Fancy Beauty,Cilegon,5,19 ulasan
lipstik palette wardah . lipstick palette . lipstick . lipstick PINKY PEACH WARDAH,Rp 100.000,joe christian,Serang,4.7,3 ulasan
Lipstik 3CE Set Mini Kit Lipstick Mood Recipe Lip Color,Rp 45.000,JCosmetikcom,Tangerang Selatan,4.9,7 ulasan
Lipstik 3CE MOOD RECIPE LIP COLOR MINI BROWN,Rp 21.500,Alshop_beauty,Jakarta Timur,4.4,28 ulasan
lipstik maybeline creamy matte,Rp 115.000,Widya,Surabaya,5,31 ulasan
Lindor Colorfix Lipstik,Rp 16.000,FaiqahShop,Kab. Tangerang,3.8,20 ulasan
lipstik Maybelline,Rp 50.000,dcav store,Surabaya,5,2 ulasan
MAKE OVER LIPSTIK CAIR  .  LIPSTIK MATTE,Rp 85.000,mutiara serang,Serang,5,12 ulasan
Lipstick Lipgloss Hare Hijau Lipstik Arab Halal Pelembab Bibir,Rp 2.000,GangEnam Cell,Jakarta Selatan,4.5,19 ulasan
wardah lipstik no9,Rp 78.000,gean,Ciamis,5,3 ulasan
Lipstick Hare Lisptik Arab Halal Original Pelembab Bibir Halal Lipstik Arab Hare Pemerah Bibir Alami Halal,Rp 9.900,PUSAT,Jakarta Barat,4.7,84 ulasan
purbasari lipstik matte,Rp 25.100,Grosir berkah,Karawang,4.6,367 ulasan
lipstik olla ramlan,Rp 208.000,Deniza,Surabaya,5,26 ulasan
LIPSTIK MAYBELLINE WARNA COKLAT - THE PERFECT MATTE POWDER MATTES COLOR TOASTED BROWN ORIGINAL DENEICOLLECTION,Rp 65.000,DENEI COLLECTION,Jakarta Pusat,4.8,6 ulasan
Lipstik Matte Batrisyia,Rp 75.000,Rosi Apriliani,Kab. Tasikmalaya,5,2 ulasan
THE PERFECT MATTE POWDER MATTES WARNA MAKE ME BLUSH LIPSTIK AWET ORIGINAL MAYBELLINE DENEICOLLECTION,Rp 65.000,DENEI COLLECTION,Jakarta Pusat,4.7,12 ulasan
Purbasari Lipstik Color Matte Original,Rp 26.500,dewi cosmetic,Tasikmalaya,4.7,33 ulasan
Lipstik Make Over Intense Matte Lip Cream,Rp 110.000,MAKE OVER STORE,Tangerang,4.8,52 ulasan
Purbasari Mate Lipstik,Rp 27.000,Mutiara Jaya,Serang,4.8,57 ulasan
Lipstik 3CE Mood Recipe LIP COLOR KIT RED,Rp 21.500,Alshop_beauty,Jakarta Timur,4.8,27 ulasan
DIJAMIN ASLI Lipstik Hare Lisptik Arab Halal,Rp 3.800,PAPYDU,Jakarta Barat,4.7,32 ulasan
Wardah Long Lasting lipstick . Lipstik Wardah Original . Lipstik Asli . Wardah Original,Rp 50.000,HW Shop,Serang,4.7,39 ulasan
lipstik wardah matte,Rp 65.000,sya oshop,Jakarta Barat,5,4 ulasan
tanaman aglonema lipstik - aglonema lipstik - tanaman indoor,Rp 13.000,AT_store,Kab. Bogor,4.5,6 ulasan
Lipstik 3ce Set Mini Kit Red,Rp 26.900,Galeri Cantik Indonesia,Kab. Tangerang,5,9 ulasan
lipstik La Kesse,Rp 130.000,Mulya Berkah Olshop,Jakarta Barat,4.7,6 ulasan
Lipstik Hare original BPOM,Rp 4.500,OS OZ SHOP,Sidoarjo,5,1 ulasan
lipstik 3ce isi 10,Rp 42.500,CAMEELA,Jakarta Barat,5,1 ulasan
Lipstik Wardah Intense Matte Lipstick,Rp 45.300,MSL,Surabaya,5,1 ulasan
LIPSTIK NASA 05 MERAH BATA,Rp 75.000,PRODUK NASA ORIGINAL,Jakarta Selatan,5,2 ulasan
Shannen Lipstik Wander Lust,Rp 129.000,Nu Amoorea88,Rembang,5,1 ulasan
Shannen Lipstik Watermelon No.01,Rp 129.000,Nu Amoorea88,Rembang,5,2 ulasan
Focallure Lip Matte Lipstik Crayon Original,Rp 55.000,Galeri Cantik Indonesia,Kab. Tangerang,5,2 ulasan
Focallure Lip Matte Lipstik Crayon Original,Rp 55.000,Galeri Cantik Indonesia,Kab. Tangerang,5,2 ulasan
Bioaqua lipstik Charm mini kit isi 12pcs,Rp 34.000,Galeri Cantik Indonesia,Kab. Tangerang,4.7,3 ulasan
LIPSTIK MAYBELLINE WARNA MAKE ME BLUSH - THE PERFECT MATTE POWDER MATTES COLOR LIPSTIK ORIGINAL DENEICOLLECTION,Rp 65.000,DENEI COLLECTION,Jakarta Pusat,4.9,7 ulasan
The One Colour Unlimited Lipstik Super Matte,Rp 72.000,Ratrishop,Surabaya,5,1 ulasan
Lipstik 3ce Mini Kit Isi 10,Rp 54.000,Galeri Cantik Indonesia,Kab. Tangerang,5,2 ulasan
Lipstik ALAMI LC08PN PINK MENYALA TAHAN LAMA,Rp 75.000,IRMANDHA NASA,Jakarta Utara,5,1 ulasan
LIPSTIK KEREN WARNA PEACH MUDA,Rp 149.000,PRODUK NASA ORIGINAL,Jakarta Selatan,5,1 ulasan
LIP ON LIP MATTE NUDE LIPSTIK WARNA PASTEL MOISTURISING LONG LASTING AWET LUCU OT ACC,Rp 40.500,OT ACC,Semarang,4.8,14 ulasan
B ERL COSMETICS LIP MATTE CREAM LONG LASTING B ERL KOSMETIK LIP COLOR Lipstik tahan lama lipstik semua jenis bibir,Rp 110.000,OSB store,Jakarta Utara,5,2 ulasan
Lipstik Transparan Alami Aman Tahan Lama,Rp 75.000,PRODUK NASA ORIGINAL,Jakarta Selatan,4.5,2 ulasan
WARDAH  LIPCREAM MATTE EXCLUSIVE  LIPSTIK,Rp 41.500,AZaLea,Bekasi,4.4,28 ulasan
lipstik maybeliine colour sensacional,Rp 100.000,syavidi1611,Banyumas,4,1 ulasan
purbasari lipstik mate,Rp 62.000,Owl yellow,Indramayu,4.4,10 ulasan
Lipstik Shannen Shanen Viral Banget Lipstik Creamy Lip Pain Original,Rp 65.000,Aneka Senang,Bandung,5,7 ulasan
Lipstik Purbasari Matte,Rp 35.000,Toko Ncie,Kab. Serang,5,11 ulasan
BIOAQUA LIPSTIK SET ISI 12 WARNA - MINI MATTE GLOSS KIT,Rp 24.900,BASICON,Surabaya,4.5,19 ulasan
shannen lipstik shannen lip colour and liptin,Rp 100.000,Lapak Madu One,Kab. Tangerang,3.8,8 ulasan
Lipstik Purbasari Mate original,Rp 27.000,AgnezCosmetics,Cirebon,4.8,162 ulasan
Lipstik Purbasari Colour Matte No. 81 - Diamond,Rp 29.000,lemonlime,Jakarta Barat,5,7 ulasan
lipstick halet lipstik magic bukan hare,Rp 2.500,gudang murah,Jakarta Timur,4.6,19 ulasan
LIPSTIK JUPON MINI ORIGINAL BPOM,Rp 3.500,BASICON,Surabaya,4.5,51 ulasan
Purbasari Color Mate lipstik 81,Rp 40.000,Tarshop,Bekasi,5,8 ulasan
NOVO Lipstik Two Tone Lip Bar Original  007,Rp 29.900,Acc Makeup,Jakarta Utara,4.8,19 ulasan
lipstik matte orange,Rp 75.000,Rosi Apriliani,Kab. Tasikmalaya,5,2 ulasan
PROMO Purbasari Lipstick Color Matte Purbasari Lip Purbasari Lipstik,Rp 27.500,Artemis Shop,Jakarta Utara,4.8,47 ulasan
lipstik viva,Rp 15.000,Faceshope,Kab. Bogor,4.9,9 ulasan
Wardah Lipstik Matte,Rp 29.000,DWI KOSMETIK,Bogor,4.8,19 ulasan
Longlasting Lipstik wardah,Rp 43.000,Nata cosmetics N FasHion,Kab. Bogor,4.9,15 ulasan
Lipstik Moodmatcher Fran Wilson Tahan lama hingga 12 jam dan unik,Rp 60.000,AUREL SHOP,Jakarta Barat,4.9,28 ulasan
JUPON MINI LIPSTIK ORIGINAL BPOM,Rp 4.500,lipice,Surabaya,5,4 ulasan
Lipstick Matte 3CE Mood Recipe Lip Color Mini Kit Box Coklat Lipstik Gift Set Kosmetik Bibir,Rp 39.500,PUSAT,Jakarta Barat,4.4,27 ulasan
OG019 Tempat Lipstik Kosmetik 24 Grid Acrylic Lipstick Organizer Small,Rp 35.900,Jwenc,Jakarta Barat,4.7,16 ulasan
lipstik Purbasari,Rp 50.000,Wahyu,Kab. Bekasi,5,8 ulasan
Pixy Lip Cream Matte Lipstick Lipstik,Rp 35.000,MurahJakarta,Jakarta Pusat,4.5,79 ulasan
Matte Liquid Lipstick Lipstik Lip Stick Ertos Barbie Lip Cream Matte Waterproof Tahan Lama Long Lasting BPOM Asli Original Murah,Rp 100.000,Beautilo,Jakarta Barat,5,7 ulasan
Matte Liquid Lipstick Lipstik Cathy doll - Nude Me 06 Dusty Rose Tahan Lama Long Lastiing BPOM Asli Original Murah,Rp 108.000,Beautilo,Jakarta Barat,5,7 ulasan
Paket Lipstik wardah,Rp 150.000,joe christian,Serang,5,3 ulasan
Bioaqua velvet matte lipstik,Rp 26.500,Galeri Cantik Indonesia,Kab. Tangerang,4.8,6 ulasan
PROMO LIP ON LIP MATTE NUDE LIPSTIK WARNA PASTEL MOISTURISING LONG LASTING AWET LUCU DENEICOLLECTION,Rp 66.200,DENEI COLLECTION,Jakarta Pusat,4.4,5 ulasan
Lipstik Just Miss,Rp 11.900,FANCY,Bandung,4.8,48 ulasan
Lipstik Alami LC03MM Merah Menyala,Rp 75.000,IRMANDHA NASA,Jakarta Utara,5,1 ulasan
Wardah Exclusive Matte Lip Cream Original - Lipstick Mate - Lipstik,Rp 45.000,ILAMA SHOP,Jakarta Barat,4.6,168 ulasan
LIPSTIK SHANEN -creamy lip paint,Rp 79.000,NAJAH outlet,Karawang,5,1 ulasan
Lipstik 3ce Mood Recipe Mini Kit Isi 10,Rp 54.000,Galeri Cantik Indonesia,Kab. Tangerang,5,3 ulasan
Lipstik Tony Moly Delight Tint Korea Original,Rp 89.000,rodney faulkner,Jakarta Pusat,5,36 ulasan
Lipstik Make Over Intense Matte Lip Cream Tolong Tambahkan Bubble Warp,Rp 85.000,Lipstick Surabaya,Surabaya,4.5,20 ulasan
LIPSTIK NASA LC01MN Merah Maroon,Rp 75.000,LACOCO NASA ORIGINAL,Jakarta Utara,5,1 ulasan
LIPSTIK MORESKIN LIPSTIK ANTI AIR AWET LIPCREAM NASA,Rp 89.000,MAY ROSE OLSHOP,Surabaya,5,23 ulasan
Lipstik B Erl Advance Lip Treatment Mencerahkan Bibir,Rp 95.000,HalalSkincare,Bogor,4.8,4 ulasan
ERTOS Barbie Lips - Lipmatte Lipstik Lipstick Matte - ERTOS Skincare,Rp 55.000,VAMOS,Depok,4.2,43 ulasan
LIPSTIK REVLON 2085 PER 6PC,Rp 160.000,Sweetiecosmetic,Jakarta Barat,4,1 ulasan
Lipstik Make Over Cliquematte Lip Stylo,Rp 97.000,Lipstick Surabaya,Surabaya,4.8,4 ulasan
lipstik Purbasari matte nomor 95,Rp 25.000,my family shop,Kab. Kediri,5,4 ulasan
Lipstik B Erl Advance Lip Treatment Mencerahkan Bibir,Rp 95.000,HalalSkincare,Bogor,4.8,4 ulasan
Fran Wilson MoodMatcher Lipstick Black - Lipstik Ungu Hitam,Rp 65.000,Ai Perfume,Jakarta Utara,5,1 ulasan
lipstik jupon pemerah bibir tahan lama,Rp 15.000,ammza herbal,Jakarta Utara,4.5,6 ulasan
LIPSTIK KEREN WARNA MERAH MUDA,Rp 140.000,PRODUK NASA ORIGINAL,Jakarta Selatan,5,1 ulasan
tanaman hias-calathea black lipstik,Rp 50.000,Corak Bunga Taman,Kab. Bogor,5,1 ulasan
Tanaman hias aglonema jenis lipstik,Rp 13.500,tukangtaman88,Kab. Bogor,3.5,2 ulasan
LIPSTIK WARDAH INTENSE - Wardah Intense Matte Lipstick Terlaris,Rp 45.000,ANISYA SHOP,Karawang,5,1 ulasan
LIPSTIK  NORYUKI,Rp 180.000,shopediagrosir88,Jakarta Barat,5,1 ulasan
LIPSTIK / LIPSTICK HARE ARAB ORIGINAL 100% SUDAH BPOM HALAL,Rp 4.000,need shop,Jakarta Timur,4.7,92 ulasan
Lipstik Purbasari Color Matte No 89,Rp 26.000,BASICON,Surabaya,5,2 ulasan
Wardah Exlusive lipstik,Rp 32.000,AgnezCosmetics,Cirebon,5,15 ulasan
Wardah Long Lasting Lipstick - Lipstik,Rp 43.000,Wardah Nisha,Bekasi,4.6,42 ulasan
Tanaman hias calathea black lipstik,Rp 45.000,AGEN BIJI RUMPUT,Kab. Bogor,4.7,6 ulasan
Purbasari lipstik mattf,Rp 100.000,DS Butiqq,Purwakarta,5,2 ulasan
tanaman hias aglonema black lipstik,Rp 50.000,bibit tanaman store,Kab. Bogor,4.9,11 ulasan
Wardah Exclusive Matte Lip Cream Original - Lipstick Mate - Lipstik-,Rp 46.400,Shenny Store Official Shop,Jakarta Utara,4.5,83 ulasan
O.TWO.O Lipstik Matte 2in1,Rp 75.000,Queen_galery,Kab. Pekalongan,4.9,14 ulasan
Rak Kosmetik Tempat Lipstik Kutek Multifungsi Akrilik Grid 18 Murah,Rp 19.000,Dunia Celengan,Bantul,4.8,26 ulasan
Purbasari Mate color lipstik 89,Rp 40.000,Tarshop,Bekasi,5,4 ulasan
tempat lipstik akrilik 50ktk/t50 (display lipstik acrylic),Rp 110.000,acrylicmurah,Tangerang,5,6 ulasan
Lipstik Hare Arab,Rp 3.500,Dunia Muslim,Jakarta Selatan,4.8,9 ulasan
Tony moly delight tony tint lipstik korea original,Rp 32.500,Galeri Cantik Indonesia,Kab. Tangerang,4.8,14 ulasan
Wardah Intense Matte Lipstik,Rp 40.000,DWI KOSMETIK,Bogor,4.9,24 ulasan
PURBASARI LIPSTIK MATTE - LIPSTICK PURBASARI,Rp 29.900,Berkah Obat Dan Kosmetik,Jakarta Utara,4.8,8 ulasan
LIPSTIK DOLBY 3000 KODE 151,Rp 8.200,aidakosmetik,Jakarta Barat,4.8,19 ulasan
LIPSTIK DOLBY 3000 warna campur,Rp 8.500,COSMET4SHOP,Kab. Bekasi,4.7,10 ulasan
Lipstik Hare Original BPOM | Lipstik Arab BPOM ( Lipstik ajaib ),Rp 5.000,Ajwa Herbal Surabaya,Surabaya,4.6,12 ulasan
Lipstik SHANNEN Original,Rp 87.000,JAMS Collection,Surabaya,5,9 ulasan
bioaqua lipstick mini set 12 color lipstik 12 warna travel size,Rp 20.000,anekagrosir188,Batam,5,4 ulasan
Lip Palette ChocoAholic - Wardah Lipstik,Rp 64.000,Wardah Nisha,Bekasi,4.8,46 ulasan
LIPSTIK IMPLORA LIP CREAM MATTE DARK BERRY,Rp 18.000,AZZAHRASHOP,Depok,5,5 ulasan
Lipstik Purbasari Collor Matte No 82,Rp 35.000,leegalery,Kab. Bogor,5,92 ulasan
LIPSTICK / LIPSTIK DOLBY 3000 WARNA CAMPUR,Rp 8.000,need shop,Jakarta Timur,4.7,28 ulasan
Original Implora LIPCREAM Matte Urban Lipstik - Dusky Nude,Rp 22.000,murah jaya grosir,Jakarta Utara,4.7,14 ulasan
NOVO DIAMOND LIPSTIK MATTE LIP original,Rp 100.000,ZONA VAPORIZED,Banjarmasin,5,5 ulasan
JUPON LIPSTIK LIPSTICK JUPON TERMURAH BPOM,Rp 3.300,RATU STOCK,Jakarta Barat,4.3,40 ulasan
Soft Matte Lip Cream Liquid Eye Shadow dan Cream Blush On Lipstik Looke Holy Lip CREAM HEBE Cantik dan Tahan Lama Natural Original,Rp 140.000,amrita shop,Jakarta Pusat,5,28 ulasan
LIPSTIK REVLON MATTE 2095 PER BOX,Rp 160.000,Sweetiecosmetic,Jakarta Barat,4.6,8 ulasan
DNM Lipstik 19 Warna Matte Long Lasting Tahan Air Tahan Lama Original,Rp 9.500,Raja Dan Ratu,Jakarta Utara,4,3 ulasan
Tempat Lipstik Kosmetik 24 Grid Acrylic Lipstick Organizer,Rp 40.000,U.Store,Tangerang,5,1 ulasan
Lipstick 3CE Recipe Mood Mini Kit Lipstik Warna Nude,Rp 40.000,Sedaap Rasayang,Jakarta Barat,4.5,20 ulasan
LIP ON LIP MATTE REDISH LIPSTIK WARNA MERAH OREN MOISTURISING LONG LASTING AWET OT STORE,Rp 47.000,Cover Dashboard OT Store,Semarang,4.7,40 ulasan
tanaman aglonema lipstick classick - aglonema lipstik - classick,Rp 10.000,AT_store,Kab. Bogor,3,1 ulasan
LIP ON LIP MATTE REDISH LIPSTIK WARNA MERAH OREN MOISTURISING LONG LASTING AWET GSHFASHION,Rp 47.800,GSH FASHION,Jakarta Pusat,4.4,8 ulasan
Fran Wilson MoodMatcher Lipstick Red - Lipstik Merah,Rp 65.000,Ai Perfume,Jakarta Utara,4.8,5 ulasan
LIPSTIK MATE MORESKIN NASA LC 09,Rp 75.000,NATURAL NUSANTARA NASA MALANG,Kab. Malang,4,2 ulasan
Lipstick 3CE Recipe Mood Mini Kit Lipstik Warna Merah,Rp 40.000,Sedaap Rasayang,Jakarta Barat,4.2,12 ulasan
Lipstick 3CE Recipe Mood Mini Kit Lipstik Warna Merah,Rp 40.000,Sedaap Rasayang,Jakarta Barat,4.2,12 ulasan
ElsheSkin x Tasya Farasya - Dream - Lipstick Nude Collection - Lipstik Lip Matte by Elshe Skin,Rp 89.000,VAMOS,Depok,4.8,5 ulasan
tanaman hias aglonema lipstick classick - aglonema lipstik,Rp 10.000,AT_store,Kab. Bogor,4.7,3 ulasan
BEST SELLER LOOKE COSMETICS  LIPSTIK NASA LIPCREAM,Rp 167.000,MAY ROSE OLSHOP,Surabaya,5,21 ulasan
Lipstik Viva Queen Perfect Matte Lip Color Lipstick,Rp 28.700,MSL,Surabaya,5,1 ulasan
Fran Wilson MoodMatcher Lipstick Brown - Lipstik Merah Coklat,Rp 65.000,Ai Perfume,Jakarta Utara,5,2 ulasan
LIPSTIK MATE MORESKIN NASA LC 08,Rp 75.000,NATURAL NUSANTARA NASA MALANG,Kab. Malang,5,1 ulasan
LIPSTIK MORESKIN LIPS CREAM MATE NASA,Rp 75.000,NATURAL NUSANTARA NASA MALANG,Kab. Malang,4,1 ulasan
Lipstik Hare Arab - Kualitas Bagus-ORI&BPOM,Rp 4.100,NCC Beauty Shop,Yogyakarta,5,1 ulasan
Lipglos Looke Lipstick Luna Lipstik Cair Glossy,Rp 137.000,NASA CENTRE JAKARTA RAYA,Jakarta Utara,5,1 ulasan
Matte Lip Gloss Lipstik Looke Holy Lip POLISH LUNA Cantik dan Tahan Lama Eye Shadow dan Blush On Natural Original Terlaris,Rp 140.000,amrita shop,Jakarta Pusat,5,28 ulasan
tanaman hias aglonema lipstik,Rp 15.000,Dunia Tanaman,Kab. Bogor,4.7,27 ulasan
FOCALLURE Lipstik Lip Makeup,Rp 50.000,The Beauty Shop,Jakarta Pusat,4.8,24 ulasan
Paket Hemat 2 pcs Wardah Intense Matte Lipstik,Rp 102.000,DS Butiqq,Purwakarta,5,4 ulasan
DOLBY LIPSTIK,Rp 16.500,COSMET4SHOP,Kab. Bekasi,4.9,7 ulasan
Jupon Mini Lipstik,Rp 10.000,DISTRIBUTOR UMIMU BEKASI,Bekasi,5,5 ulasan
WARDAH Lightening Series 1paket+Lipstik Exlusive,Rp 258.000,AgnezCosmetics,Cirebon,4.8,11 ulasan
Purbasari Lipstik Color Matte Original,Rp 32.000,Gudang Kosmetik,Tangerang Selatan,4.3,18 ulasan
Lipstick Lipgloss Hare Hijau / Lipstik Arab ORIGINAL tulisan 33 ( ECERAN ),Rp 4.900,REJEKI STORE,Surabaya,4.9,34 ulasan
Maycreate MA-01 Lipstik Matte Lipstick,Rp 9.900,Luvase 123,Jakarta Barat,5,2 ulasan
Lipstik matte . Wardah Instaperfect Lip Matte paint . Instaperfect Lip Matte,Rp 100.000,joe christian,Serang,4.8,4 ulasan
Wardah Long Lasting Lipstick Longlasting Lipstik,Rp 38.500,ILAMA SHOP,Jakarta Barat,4.6,19 ulasan
lipstik Purbasari matte cream,Rp 60.000,Wahyu,Kab. Bekasi,5,1 ulasan
LIPSTIK WARDAH INTENS MATTE,Rp 39.000,COSMET4SHOP,Kab. Bekasi,4.8,5 ulasan
LIPSTIK HARE LIPSTICK ARAB,Rp 3.600,lipice,Surabaya,4.9,8 ulasan
aglonema lipstik siam aurora,Rp 17.500,cinta tani nursery,Depok,4.8,11 ulasan
PO Lipstik matte SIVANNA COLORS,Rp 100.000,Saras Wagu,Pekalongan,4.7,12 ulasan
Lipstik Purbasari Color Matte No 85,Rp 26.000,BASICON,Surabaya,5,2 ulasan
obral lipstik kylie kourth eceran,Rp 20.000,rfm_shop,Jakarta Timur,5,4 ulasan
Lipstik LT PRO Matte,Rp 78.000,Beegoesmart,Surabaya,4.9,14 ulasan
LIPSTICK ARAB  LIPSTIK ARAB  LIPSTIK HARE  LIPSTICK HARE,Rp 3.500,Luminary Store,Tangerang,4.9,8 ulasan
Lipstik Moodmatcher Split Stick 3 in 1,Rp 90.000,AUREL SHOP,Jakarta Barat,4.8,12 ulasan
Lipstik Purbasari Colour Matte No. 89 - Jade,Rp 29.000,lemonlime,Jakarta Barat,5,4 ulasan
Longlasting Lipstik,Rp 43.000,Nata cosmetics N FasHion,Kab. Bogor,5,1 ulasan
Lipstik FOCALLURE Matte - Lipstick Waterproof Tahan Lama & Anti Air,Rp 23.900,Harga Murah Pasti Untung,Jakarta Utara,4.4,12 ulasan
Kuas Lipstik Aiko Bening,Rp 2.800,FANCY,Bandung,4.8,8 ulasan
TERMURAH Lip Cream Wardah Exclusive Matte BARU Lipstik Lipstick,Rp 44.900,Star Seller Shop,Jakarta Pusat,4.6,9 ulasan
Lipstik intense matte wardah,Rp 43.000,Nata cosmetics N FasHion,Kab. Bogor,4.7,100 ulasan
lipstik kylie kkw,Rp 100.000,rfm_shop,Jakarta Timur,4.7,11 ulasan
Lipstik Hare Arab Original,Rp 5.000,SuciHand,Jakarta Timur,5,2 ulasan
LOOKE HOLY LIP CREAM IRENE - lipstik - lip merah,Rp 140.000,Affan Shop,Surabaya,4.8,4 ulasan
ElsheSkin Matte Lipstick Autumn - Lipstik Warna Nude Pink - Elshe Skin,Rp 49.000,VAMOS,Depok,4.8,4 ulasan
looke holy lip cream hebe - lipstik - lip merah,Rp 140.000,Affan Shop,Surabaya,4.2,8 ulasan
Novo lipstik the art mini kit isi 5,Rp 56.000,Galeri Cantik Indonesia,Kab. Tangerang,2,1 ulasan
YOU Real Me Lipstik - Vanesha Series BPOM Original,Rp 79.000,GudKos,Jakarta Utara,5,1 ulasan
THE PERFECT MATTE POWDER MATTES WARNA TOUCH OF NUDE LIPSTIK AWET ORIGINAL MAYBELLINE SAVSTORE,Rp 65.000,SAV Store,Semarang,4.8,39 ulasan
LIPSTIK SERAMBI BOTANI 2VARIAN CANTIK NATURAL,Rp 75.000,Bogor ID Store,Bogor,5,1 ulasan
Fran Wilson MoodMatcher Lipstick Pink Original - Lipstik Merah Muda,Rp 65.000,Ai Perfume,Jakarta Utara,4.8,4 ulasan
ElsheSkin Matte Lipstick Rossana - Lipstik Nude Peach - Elshe Skin,Rp 49.000,VAMOS,Depok,4.8,13 ulasan
LIPSTIK MATE MORESKIN NASA LC 07,Rp 75.000,NATURAL NUSANTARA NASA MALANG,Kab. Malang,4,1 ulasan
lipstik implora lip cream matte original,Rp 65.000,Sakanca Herbal,Kab. Bandung,5,1 ulasan
Lipstik Nasa LC07 Moreskin LipCream Merah Tua  Tahan Lama,Rp 75.000,IRMANDHA NASA,Jakarta Utara,5,2 ulasan
Fran Wilson MoodMatcher Lipstick Orange - Lipstik Merah Coral,Rp 65.000,Ai Perfume,Jakarta Utara,4.8,4 ulasan
Promo LIPSTIK MAYBELLINE THE PERFECT MATTE POWDER MATTES WARNA MAUVE IT UP,Rp 68.900,OT ACC,Semarang,5,3 ulasan
ElsheSkin x Tasya Farasya - Hope - Lipstick Nude Collection - Lipstik Lip Matte by Elshe Skin,Rp 89.000,VAMOS,Depok,4.7,3 ulasan
Tempat Lipstik Akrilik Lipstic Holder Acrylic Kualitas Pabrik,Rp 45.000,Tri8indo,Kab. Tangerang,5,1 ulasan
tanaman hias aglonema lipstik ukuran sedang - aglo lipstick,Rp 10.000,AT_store,Kab. Bogor,4.5,6 ulasan
LC01MN Moreskin LipCream Merah Maroon Lipstik Original Nasa Alami Aman,Rp 75.000,IRMANDHA NASA,Jakarta Utara,5,1 ulasan
ElsheSkin Matte Lipstick Adora - Lipstik Warna Merah - Elshe Skin,Rp 49.000,VAMOS,Depok,5,3 ulasan
PROMO BUNDLING HEMAT LIPSTIK DAN PENSIL ALIS BLACK HITAM IMPLORA,Rp 35.000,Nafiry Shop,Jakarta Barat,4.3,23 ulasan
Novo Lipstik gradient Two Tone Lipstik ombre Double color,Rp 29.000,Galeri Cantik Indonesia,Kab. Tangerang,4.7,6 ulasan
lipstick mini kit 3ce ORIGINAL KOREA mood recipe lip color lips make up set lipstik,Rp 31.000,Jaya Abadi,Demak,4.9,8 ulasan
Lipstik Arab Hare Isi 6 pcs,Rp 30.000,alhafidz,Jakarta Selatan,5,1 ulasan
Lipstik Jupon Pemerah Bibir,Rp 10.000,Toko Online Cikarang,Kab. Bekasi,4.7,15 ulasan
Penghapus Lipstik Karakter Anak Perempuan,Rp 2.100,Spinner Paling Murah,Jakarta Barat,5,3 ulasan
purbasari hi mate lip cream original lipstick lipstik,Rp 41.900,WaFara,Bekasi,4.8,12 ulasan
akrilik tempat lipstik 24 kotak / t24 (acrylic display lipstik),Rp 53.000,acrylicmurah,Tangerang,5,5 ulasan
LIPSTIK RED -A MURAH,Rp 12.500,Enggal Luwes,Solo,4.7,14 ulasan
LIPSTIK DOLBY 3000 NO 151,Rp 9.500,COSMET4SHOP,Kab. Bekasi,4.7,23 ulasan
LIPSTIK REVLON 3D MATTE isi 6pc,Rp 60.000,Linda Home Shopping,Jakarta Barat,4.6,13 ulasan
Lipstik Hare / Lipstik Arab Hijau,Rp 5.000,Toko Kurma Alif,Kab. Tangerang,5,3 ulasan
Lipstik Purbasari Color Matte,Rp 29.500,Lipstick Surabaya,Surabaya,4.7,10 ulasan
MAKE OVER MAKEOVER INTENSE MATTE LIP CREAM LIPSTICK LIPSTIK,Rp 85.000,Purple Beauty,Tangerang,4.7,38 ulasan
LIPSTIK MATTE LONGLASTING WARDAH,Rp 39.000,COSMET4SHOP,Kab. Bekasi,4.4,16 ulasan
LIPSTICK / LIPSTIK ETUDE PITA ( ECERAN ),Rp 11.900,REJEKI STORE,Surabaya,5,2 ulasan
LIPSTIK DOLBY 3000 MIX,Rp 8.500,ILAMA SHOP,Jakarta Barat,4.6,53 ulasan
NYX soft matte lip cream Original ,Rp 110.000,FIXE234,Jakarta Selatan,4.6,40 ulasan
MIRABELA LIPSTIK  MATTE  CHIC,Rp 12.500,mutiara serang,Serang,4.5,8 ulasan
Lipstik FOCALLURE Waterproof - Lipstick Mate,Rp 23.900,Bervin Market,Jakarta Utara,4.3,12 ulasan
lipstik matte purbasari grosir,Rp 27.000,Aida Olshop Semarang,Semarang,4.8,26 ulasan
Lipstik Wardah Exclusive Matte Lip Cream Original - Pemerah Bibir - Pelembab Bibir - Lipstick - Lipen,Rp 67.900,PUSAT,Jakarta Barat,5,4 ulasan
LIPSTIK PURBASARI MATTE,Rp 31.500,COSMET4SHOP,Kab. Bekasi,4.5,11 ulasan
Lipstic / lipstik / lipstick Hare Arab Original Asli Made in Taiwan R.O.C,Rp 3.600,Butik Mastura,Sidoarjo,4.7,55 ulasan
LIPSTIK MORESKIN ASLI NASA,Rp 75.000,TOKO HERBAL NASA GINTUNG,Kab. Tangerang,5,5 ulasan
Lipstik Giordani Gold Iconic Mate Spf 12 - ORIGINAL,Rp 183.800,Rayazthashop,Jakarta Barat,5,3 ulasan
ORIGINAL Viva Queen Perfect Matte Lip Color Lipstick Lipstik 2.5 Gr,Rp 26.000,Star Seller Shop,Jakarta Pusat,5,9 ulasan
Kalijumei Lipstik Flower Jelly,Rp 52.500,AZZAHRASHOP,Depok,4.5,20 ulasan
Lipstik Jupon-Jupon Pemerah Bibir Alami,Rp 7.500,deni ardian,Bandar Lampung,4.7,6 ulasan
Purbasari Lipstik Colour Matte,Rp 28.000,Agen Kosmetik,Jakarta Utara,4.6,23 ulasan
Purbasari Lipstick Color Matte - Lipstik Purbasari,Rp 28.500,Debelleza Shop,Jakarta Barat,4.6,10 ulasan
ElsheSkin Matte Lipstick Hailey - Lipstik Warna Pink Plum - Elshe Skin,Rp 49.000,VAMOS,Depok,3.5,2 ulasan
LOOKE HOLY LIP CREAM GAIA - lipstik - mempercantik bibir wanita,Rp 140.000,Affan Shop,Surabaya,4.8,23 ulasan
Fran Wilson MoodMatcher Split Stick Red Pink - Lipstik Merah Pink,Rp 90.000,Ai Perfume,Jakarta Utara,4.8,9 ulasan
LOOKE HOLY LIP CREAM LUNA - lisptik wanita - lipstik merah,Rp 140.000,Affan Shop,Surabaya,4.4,14 ulasan
Tanaman Hias Aglonema Lipstik Aglaonema Lipstick Siam Aurora Bibit,Rp 9.900,Flora Herba Nusantara Bekasi,Bekasi,4,4 ulasan
BIOAQUA Lipstik Mini - Bioaqua Charm Mini Lipstick Full Set 12 pcs,Rp 27.000,The Beauty Sister,Kab. Bogor,4.6,13 ulasan
Fran Wilson MoodMatcher Lipstick Pink - Lipstik Merah Muda,Rp 65.000,Ai Perfume,Jakarta Utara,5,1 ulasan
Fran Wilson MoodMatcher Lipstick Yellow - Lipstik Ungu Kuning,Rp 65.000,Ai Perfume,Jakarta Utara,5,1 ulasan
Fran Wilson MoodMatcher Split Stick Green Orange - Lipstik Hijau Coral,Rp 90.000,Ai Perfume,Jakarta Utara,1,1 ulasan
LOOKE HOLY LIP CREAM THALIA - lipstik bibir - lipstik merah,Rp 140.000,Affan Shop,Surabaya,4.2,17 ulasan
THE PERFECT MATTE POWDER MATTES WARNA TOASTED BROWN LIPSTIK AWET ORIGINAL MAYBELLINE SAVSTORE,Rp 65.000,SAV Store,Semarang,4.9,37 ulasan
Fran Wilson MoodMatcher Split Stick Magenta Gold - Lipstik Pink Emas,Rp 90.000,Ai Perfume,Jakarta Utara,4.5,2 ulasan
BIOAQUA MINI LIPSTICK ISI 12 PCS LIPSTIK BIOAQUA MAKE UP BIOAQUA KOSMETIK BIBIR,Rp 74.900,PUSAT,Jakarta Barat,4.6,28 ulasan
LIP ON LIP MATTE PEONY LIPSTIK WARNA PINK LUCU MOISTURISING LONG LASTING AWET OT ACC,Rp 40.500,OT ACC,Semarang,4.6,7 ulasan
lipstik moriskin cosmetics nasa terlaris,Rp 75.000,AGEN RESMI NASA,Kab. Pasuruan,5,1 ulasan
B Erl Cosmetics Beauty Lip Matte Cream Lip Matte Long Lasting Kosmetik Lipstik,Rp 110.000,MAY ROSE OLSHOP,Surabaya,5,16 ulasan
PROMO LIP ON LIP MATTE NUDE LIPSTIK WARNA PASTEL MOISTURISING LONG LASTING AWET LUCU SAVSTORE,Rp 47.800,SAV Store,Semarang,4.7,3 ulasan
LIP ON LIP MATTE WATER COLOUR SCARLET PEACH LIPSTIK LIPBALM WARNA SALEM PASTEL LUCU MOISTURISING OT STORE,Rp 36.000,Cover Dashboard OT Store,Semarang,4.3,6 ulasan
LIP ON LIP MATTE PINKISH LIPSTIK WARNA PINK LUCU MOISTURISING LONG LASTING AWET OT ACC,Rp 47.000,OT ACC,Semarang,4.5,4 ulasan
LIP ON LIP MATTE REDISH LIPSTIK WARNA MERAH OREN MOISTURISING LONG LASTING AWET SAVSTORE,Rp 47.800,SAV Store,Semarang,4,2 ulasan
(Best Seller)Lipstik Color Matte Purbasari No 89,Rp 35.000,leegalery,Kab. Bogor,5,3 ulasan
LIPSTIK - LIP STICK - LIPSTICK NYX CASING BLACK NO 801,Rp 6.500,need shop,Jakarta Timur,4.8,5 ulasan
Lipstik Hare Warna Warni,Rp 3.500,Dunia Muslim,Jakarta Selatan,4.6,10 ulasan
Lipstik Matte Purbasari,Rp 31.500,Shop Hello,Sidoarjo,4.8,8 ulasan
Lipstik Arab Hare L14 Magic Lipstick - Box,Rp 24.500,Gautama Indah Perkasa,Jakarta Utara,4.6,11 ulasan
Lipstik Maybelline Color Sensational Powder Matte Part 1,Rp 47.000,Lipstick Surabaya,Surabaya,4.6,7 ulasan
Paket Eyeliner dan Lipstik Arab,Rp 15.000,Rumah Kosmetik,Bogor,5,3 ulasan
Lipstik 3CE Mood Recipe Lip Color Mini Kit LIPSTICK SET Stylenanda Nude Brown Shade,Rp 21.900,bursa cosmetik murah,Tangerang,4.4,22 ulasan
BIOAQUA charm lipstick sample kit mini 12pcs paket lipstik,Rp 28.000,lolypoly,Kab. Bandung,4.5,30 ulasan
wardah intense matte lipstick lipstik,Rp 41.400,jesvin kosmetik,Cimahi,5,5 ulasan
Rak Kosmetik Tempat Lipstik Kutek Multifungsi Akrilik Grid 18 Murah,Rp 19.000,Malioboro,Yogyakarta,4.4,12 ulasan
SERUTAN DOUBLE ( RAUTAN PENSIL ALIS + LIPSTIK),Rp 2.900,FANCY,Bandung,4.6,31 ulasan
lipstik,Rp 300.000,Rizan,Jakarta Utara,5,2 ulasan
LIPSTICK ARAB HARE HIJAU IMPORT - Hare Lipstik,Rp 2.900,stecel_shop,Jakarta Barat,4.3,15 ulasan
lipstik purbasari matte,Rp 53.000,Chiara Shopcasion,Malang,5,3 ulasan
Purbasari Color mate lipstik 90,Rp 40.000,Tarshop,Bekasi,4.5,2 ulasan
Tas Kosmetik Serut Lucu Karakter Hello Kitty Doraemon Keropi Murah Multifungsi Pink Biru Lipstik Bedak Hand Body Souvenir Kado Ultah,Rp 2.300,PCD,Surabaya,4.7,13 ulasan
LIPSTIK JUPON,Rp 3.800,LARIS RAMBIGUNDAM,Jember,4.5,12 ulasan
Lipstik Hare / Lisptik Arab ORIGINAL (Halal),Rp 8.000,Rumah Kosmetik,Surabaya,5,1 ulasan
Rak Kosmetik Tempat Lipstik Kutek Multifungsi Akrilik Grid 30 Murah,Rp 39.000,Dunia Celengan,Bantul,5,6 ulasan
LIPSTIK JUST MISS SERUT,Rp 13.000,Purple Beauty,Tangerang,4.8,4 ulasan
Lipstick Lipstik Hare Original Made In Taiwan,Rp 5.000,TokoSurabaya,Surabaya,4.2,4 ulasan
Penghapus Pensil Model Bentuk Lipstick Lipstik Motif Karakter,Rp 2.300,Selvia EJO SHOP,Tangerang,5,2 ulasan
Wardah Exclusive Matte Lip Cream Original - Lipstick Mate - Lipstik,Rp 46.400,zansen shop Official Shop,Jakarta Utara,4.4,94 ulasan
MAKE OVER ULTRA HI-MATTE LIPSTIK,Rp 74.000,hindrakingshop,Serang,4.6,10 ulasan
Lipstik Purbasari Original / Lipstik Purbasari Matte / Lipstik Matte / Lipstik Purbasari / Lipstick,Rp 35.000,Rumah Kosmetik,Bogor,4.8,4 ulasan
Lipstik Wardah Intense Matte Lipstick,Rp 46.000,Lipstick Surabaya,Surabaya,5,4 ulasan
NOVO DOUBLE COLOR LIPSTICK Two Tone Lipstik Dua Warna,Rp 25.900,bursa cosmetik murah,Tangerang,4.1,18 ulasan
Lipstik Jupon,Rp 5.000,Irma Collection,Tangerang,4.5,14 ulasan
Matte lipstik,Rp 30.000,Nata cosmetics N FasHion,Kab. Bogor,4.4,5 ulasan
PROMO LIP ON LIP MATTE NUDE LIPSTIK WARNA PASTEL MOISTURISING LONG LASTING AWET LUCU SAVSTORE,Rp 47.800,SAV Store,Semarang,4.7,3 ulasan
LIP ON LIP MATTE WATER COLOUR SCARLET PEACH LIPSTIK LIPBALM WARNA SALEM PASTEL LUCU MOISTURISING OT STORE,Rp 36.000,Cover Dashboard OT Store,Semarang,4.3,6 ulasan
LIP ON LIP MATTE PINKISH LIPSTIK WARNA PINK LUCU MOISTURISING LONG LASTING AWET OT ACC,Rp 47.000,OT ACC,Semarang,4.5,4 ulasan
LIP ON LIP MATTE REDISH LIPSTIK WARNA MERAH OREN MOISTURISING LONG LASTING AWET SAVSTORE,Rp 47.800,SAV Store,Semarang,4,2 ulasan
Lipstik Looke Variasi Irene Thalia Luna Hebe Gaia Agen Resmi Nasa Jakarta,Rp 140.000,AGEN RESMI NASA JAKARTA,Jakarta Barat,5,2 ulasan
Lipstik Looke Nasa Hebe Gaia Thalia Irene Luna Stockist Nasa Jakarta Original,Rp 140.000,STOCKIST NASA JAKARTA ORIGINAL,Jakarta Barat,5,1 ulasan
Dijual Lipstik LC09CM Moreskin Lip Cream Coklat Muda Original Nasa Alami Aman Diskon,Rp 75.000,PRODUK NASA ORIGINAL,Jakarta Selatan,5,2 ulasan
Lipstik AYLA MATTEFYING CARE Aisha Kansa Sophia Zahra - Lipstik NASA Lipstik Batang Lipstik Awet Tahan Lama,Rp 150.000,ANISA YUDHA,Blora,5,1 ulasan
Produk Cream Obat Pemerah Bibir & Puting Payudara Pink Soft Herbal Pemerah Bibir Tanpa Lipstik & Merahkan Puting Susu Secara Alami Untuk Pria & Wanita,Rp 100.000,DIAN FARMA,Semarang,5,1 ulasan
LIP ON LIP MATTE WATER COLOUR IVORY ORANGE LIPSTIK LIPBALM WARNA OREN LUCU MOISTURISING LONG LASTING AWET OT STORE,Rp 36.000,Cover Dashboard OT Store,Semarang,4.3,9 ulasan
